week_ending,thousand_barrels
2019-01-04,42262
2019-01-11,41519
2019-01-18,41329
2019-01-25,41184
2019-02-01,42625
2019-02-08,41609
2019-02-15,45022
2019-02-22,46650
2019-03-01,47523
2019-03-08,46851
2019-03-15,46383
2019-03-22,46924
2019-03-29,47125
2019-04-05,45992
2019-04-12,44449
2019-04-19,44912
2019-04-26,45177
2019-05-03,45998
2019-05-10,47803
2019-05-17,49069
2019-05-24,49053
2019-05-31,50844
2019-06-07,52940
2019-06-14,53582
2019-06-21,51836
2019-06-28,52488
2019-07-05,52178
2019-07-12,50827
2019-07-19,50398
2019-07-26,48865
2019-08-02,47361
2019-08-09,44821
2019-08-16,42336
2019-08-23,40356
2019-08-30,40126
2019-09-06,39328
2019-09-13,38681
2019-09-20,40937
2019-09-27,40736
2019-10-04,41677
2019-10-11,42953
2019-10-18,44459
2019-10-25,46031
2019-11-01,47745
2019-11-08,46516
2019-11-15,44221
2019-11-22,44124
2019-11-29,43822
2019-12-06,40429
2019-12-13,40164
2019-12-20,37771
2019-12-27,36322
2020-01-03,35501
2020-01-10,35843
2020-01-17,34882
2020-01-24,35640
2020-01-31,36708
2020-02-07,38376
2020-02-14,38243
2020-02-21,39149
2020-02-28,37178
2020-03-06,37882
2020-03-13,38445
2020-03-20,39303
2020-03-27,42824
2020-04-03,49241
2020-04-10,54965
2020-04-17,59741
2020-04-24,63378
2020-05-01,65446
2020-05-08,62444
2020-05-15,56857
2020-05-22,53462
2020-05-29,51723
2020-06-05,49444
2020-06-12,46836
2020-06-19,45845
2020-06-26,45582
2020-07-03,47788
2020-07-10,48737
2020-07-17,50112
2020-07-24,51421
2020-07-31,51953
2020-08-07,53289
2020-08-14,52682
2020-08-21,52403
2020-08-28,52513
2020-09-04,54351
2020-09-11,54277
2020-09-18,54281
2020-09-25,56066
2020-10-02,56536
2020-10-09,59442
2020-10-16,60417
2020-10-23,59995
2020-10-30,60931
2020-11-06,60413
2020-11-13,61613
2020-11-20,59892
2020-11-27,59575
2020-12-04,58211
2020-12-11,58409
2020-12-18,58383
2020-12-25,58410
2021-01-01,59202
2021-01-08,57227
2021-01-15,52500
2021-01-22,50219
2021-01-29,48702
2021-02-05,48044
2021-02-12,45016
2021-02-19,47823
2021-02-26,48308
2021-03-05,48834
2021-03-12,48210
2021-03-19,46275
2021-03-26,47057
2021-04-02,46322
2021-04-09,46668
2021-04-16,45350
2021-04-23,46072
2021-04-30,46326
2021-05-07,45905
2021-05-14,45763
2021-05-21,44755
2021-05-28,45539
2021-06-04,45704
2021-06-11,43554
2021-06-18,41721
2021-06-25,40261
2021-07-02,39647
