observation_date,DGASNYH
2019-01-02,1.394
2019-01-03,1.405
2019-01-04,1.408
2019-01-07,1.395
2019-01-08,1.413
2019-01-09,1.478
2019-01-10,1.474
2019-01-11,1.453
2019-01-14,1.413
2019-01-15,1.449
2019-01-16,1.447
2019-01-17,1.456
2019-01-18,1.476
2019-01-21,
2019-01-22,1.435
2019-01-23,1.417
2019-01-24,1.417
2019-01-25,1.421
2019-01-28,1.369
2019-01-29,1.385
2019-01-30,1.438
2019-01-31,1.410
2019-02-01,1.463
2019-02-04,1.468
2019-02-05,1.457
2019-02-06,1.485
2019-02-07,1.468
2019-02-08,1.492
2019-02-11,1.470
2019-02-12,1.478
2019-02-13,1.517
2019-02-14,1.558
2019-02-15,1.629
2019-02-18,
2019-02-19,1.620
2019-02-20,1.651
2019-02-21,1.669
2019-02-22,1.672
2019-02-25,1.612
2019-02-26,1.655
2019-02-27,1.695
2019-02-28,1.679
2019-03-01,1.776
2019-03-04,1.667
2019-03-05,1.685
2019-03-06,1.717
2019-03-07,1.732
2019-03-08,1.736
2019-03-11,1.762
2019-03-12,1.754
2019-03-13,1.803
2019-03-14,1.831
2019-03-15,1.833
2019-03-18,1.865
2019-03-19,1.877
2019-03-20,1.892
2019-03-21,1.914
2019-03-22,1.903
2019-03-25,1.893
2019-03-26,1.915
2019-03-27,1.847
2019-03-28,1.824
2019-03-29,1.831
2019-04-01,1.838
2019-04-02,1.865
2019-04-03,1.970
2019-04-04,1.954
2019-04-05,1.992
2019-04-08,2.008
2019-04-09,2.019
2019-04-10,2.074
2019-04-11,2.050
2019-04-12,2.047
2019-04-15,2.035
2019-04-16,2.058
2019-04-17,2.066
2019-04-18,2.092
2019-04-19,
2019-04-22,2.146
2019-04-23,2.147
2019-04-24,2.138
2019-04-25,2.118
2019-04-26,2.077
2019-04-29,2.074
2019-04-30,2.052
2019-05-01,1.999
2019-05-02,2.005
2019-05-03,1.971
2019-05-06,1.949
2019-05-07,1.884
2019-05-08,1.918
2019-05-09,1.918
2019-05-10,1.937
2019-05-13,1.905
2019-05-14,1.921
2019-05-15,1.962
2019-05-16,2.010
2019-05-17,1.980
2019-05-20,1.957
2019-05-21,1.959
2019-05-22,1.918
2019-05-23,1.848
2019-05-24,1.875
2019-05-27,
2019-05-28,1.880
2019-05-29,1.868
2019-05-30,1.801
2019-05-31,1.727
2019-06-03,1.623
2019-06-04,1.639
2019-06-05,1.629
2019-06-06,1.663
2019-06-07,1.677
2019-06-10,1.671
2019-06-11,1.714
2019-06-12,1.639
2019-06-13,1.692
2019-06-14,1.701
2019-06-17,1.665
2019-06-18,1.694
2019-06-19,1.729
2019-06-20,1.774
2019-06-21,1.846
2019-06-24,1.830
2019-06-25,1.865
2019-06-26,1.933
2019-06-27,1.909
2019-06-28,1.913
2019-07-01,1.893
2019-07-02,1.891
2019-07-03,1.919
2019-07-04,
2019-07-05,
2019-07-08,1.893
2019-07-09,1.927
2019-07-10,1.991
2019-07-11,1.982
2019-07-12,1.961
2019-07-15,1.908
2019-07-16,1.893
2019-07-17,1.855
2019-07-18,1.825
2019-07-19,1.832
2019-07-22,1.816
2019-07-23,1.846
2019-07-24,1.844
2019-07-25,1.866
2019-07-26,1.866
2019-07-29,1.858
2019-07-30,1.887
2019-07-31,1.877
2019-08-01,1.773
2019-08-02,1.784
2019-08-05,1.734
2019-08-06,1.701
2019-08-07,1.660
2019-08-08,1.667
2019-08-09,1.679
2019-08-12,1.678
2019-08-13,1.745
2019-08-14,1.684
2019-08-15,1.645
2019-08-16,1.659
2019-08-19,1.687
2019-08-20,1.703
2019-08-21,1.721
2019-08-22,1.694
2019-08-23,1.671
2019-08-26,1.649
2019-08-27,1.675
2019-08-28,1.721
2019-08-29,1.708
2019-08-30,1.643
2019-09-02,
2019-09-03,1.501
2019-09-04,1.672
2019-09-05,1.675
2019-09-06,1.711
2019-09-09,1.726
2019-09-10,1.729
2019-09-11,1.699
2019-09-12,1.679
2019-09-13,1.686
2019-09-16,1.859
2019-09-17,1.800
2019-09-18,1.777
2019-09-19,1.818
2019-09-20,1.789
2019-09-23,1.781
2019-09-24,1.748
2019-09-25,1.726
2019-09-26,1.763
2019-09-27,1.754
2019-09-30,1.707
2019-10-01,1.679
2019-10-02,1.690
2019-10-03,1.652
2019-10-04,1.673
2019-10-07,1.674
2019-10-08,1.673
2019-10-09,1.703
2019-10-10,1.734
2019-10-11,1.759
2019-10-14,1.729
2019-10-15,1.729
2019-10-16,1.740
2019-10-17,1.749
2019-10-18,1.751
2019-10-21,1.740
2019-10-22,1.719
2019-10-23,1.756
2019-10-24,1.767
2019-10-25,1.777
2019-10-28,1.784
2019-10-29,1.791
2019-10-30,1.760
2019-10-31,1.721
2019-11-01,1.745
2019-11-04,1.787
2019-11-05,1.796
2019-11-06,1.732
2019-11-07,1.732
2019-11-08,1.730
2019-11-11,
2019-11-12,1.699
2019-11-13,1.724
2019-11-14,1.698
2019-11-15,1.715
2019-11-18,1.678
2019-11-19,1.659
2019-11-20,1.716
2019-11-21,1.748
2019-11-22,1.733
2019-11-25,1.730
2019-11-26,1.739
2019-11-27,1.714
2019-11-28,
2019-11-29,
2019-12-02,1.613
2019-12-03,1.602
2019-12-04,1.642
2019-12-05,1.660
2019-12-06,1.687
2019-12-09,1.698
2019-12-10,1.700
2019-12-11,1.675
2019-12-12,1.677
2019-12-13,1.702
2019-12-16,1.708
2019-12-17,1.727
2019-12-18,1.734
2019-12-19,1.751
2019-12-20,1.746
2019-12-23,1.752
2019-12-24,1.768
2019-12-25,
2019-12-26,1.791
2019-12-27,1.785
2019-12-30,1.766
2019-12-31,1.738
2020-01-01,
2020-01-02,1.744
2020-01-03,1.792
2020-01-06,1.783
2020-01-07,1.758
2020-01-08,1.698
2020-01-09,1.696
2020-01-10,1.698
2020-01-13,1.698
2020-01-14,1.695
2020-01-15,1.686
2020-01-16,1.703
2020-01-17,1.686
2020-01-20,
2020-01-21,1.677
2020-01-22,1.618
2020-01-23,1.603
2020-01-24,1.559
2020-01-27,1.517
2020-01-28,1.543
2020-01-29,1.571
2020-01-30,1.562
2020-01-31,1.534
2020-02-03,1.505
2020-02-04,1.480
2020-02-05,1.534
2020-02-06,1.531
2020-02-07,1.563
2020-02-10,1.562
2020-02-11,1.550
2020-02-12,1.620
2020-02-13,1.616
2020-02-14,1.625
2020-02-17,
2020-02-18,1.650
2020-02-19,1.705
2020-02-20,1.705
2020-02-21,1.690
2020-02-24,1.650
2020-02-25,1.583
2020-02-26,1.523
2020-02-27,1.470
2020-02-28,1.458
2020-03-02,1.523
2020-03-03,1.510
2020-03-04,1.542
2020-03-05,1.500
2020-03-06,1.383
2020-03-09,1.129
2020-03-10,1.175
2020-03-11,1.092
2020-03-12,0.895
2020-03-13,0.929
2020-03-16,0.692
2020-03-17,0.712
2020-03-18,0.657
2020-03-19,0.667
2020-03-20,0.606
2020-03-23,0.449
2020-03-24,0.434
2020-03-25,0.542
2020-03-26,0.518
2020-03-27,0.550
2020-03-30,0.551
2020-03-31,0.543
2020-04-01,0.503
2020-04-02,0.512
2020-04-03,0.533
2020-04-06,0.637
2020-04-07,0.576
2020-04-08,0.635
2020-04-09,0.592
2020-04-10,
2020-04-13,0.614
2020-04-14,0.609
2020-04-15,0.597
2020-04-16,0.600
2020-04-17,0.623
2020-04-20,0.573
2020-04-21,0.471
2020-04-22,0.585
2020-04-23,0.594
2020-04-24,0.617
2020-04-27,0.598
2020-04-28,0.622
2020-04-29,0.683
2020-04-30,0.672
2020-05-01,0.686
2020-05-04,0.769
2020-05-05,0.827
2020-05-06,0.807
2020-05-07,0.844
2020-05-08,0.877
2020-05-11,0.856
2020-05-12,0.820
2020-05-13,0.753
2020-05-14,0.835
2020-05-15,0.875
2020-05-18,0.954
2020-05-19,0.964
2020-05-20,0.974
2020-05-21,0.973
2020-05-22,0.959
2020-05-25,
2020-05-26,0.973
2020-05-27,0.917
2020-05-28,0.915
2020-05-29,0.948
2020-06-01,0.995
2020-06-02,1.017
2020-06-03,1.007
2020-06-04,1.046
2020-06-05,1.131
2020-06-08,1.122
2020-06-09,1.124
2020-06-10,1.125
2020-06-11,1.032
2020-06-12,1.056
2020-06-15,1.097
2020-06-16,1.141
2020-06-17,1.151
2020-06-18,1.198
2020-06-19,1.198
2020-06-22,1.244
2020-06-23,1.255
2020-06-24,1.150
2020-06-25,1.168
2020-06-26,1.094
2020-06-29,1.148
2020-06-30,1.160
2020-07-01,1.178
2020-07-02,1.207
2020-07-03,
2020-07-06,1.205
2020-07-07,1.230
2020-07-08,1.263
2020-07-09,1.215
2020-07-10,1.244
2020-07-13,1.232
2020-07-14,1.229
2020-07-15,1.238
2020-07-16,1.207
2020-07-17,1.197
2020-07-20,1.204
2020-07-21,1.260
2020-07-22,1.259
2020-07-23,1.223
2020-07-24,1.245
2020-07-27,1.239
2020-07-28,1.227
2020-07-29,1.203
2020-07-30,1.183
2020-07-31,1.147
2020-08-03,1.169
2020-08-04,1.179
2020-08-05,1.194
2020-08-06,1.205
2020-08-07,1.182
2020-08-10,1.207
2020-08-11,1.173
2020-08-12,1.223
2020-08-13,1.223
2020-08-14,1.234
2020-08-17,1.258
2020-08-18,1.270
2020-08-19,1.277
2020-08-20,1.292
2020-08-21,1.271
2020-08-24,1.365
2020-08-25,1.375
2020-08-26,1.339
2020-08-27,1.250
2020-08-28,1.284
2020-08-31,1.239
2020-09-01,1.280
2020-09-02,1.251
2020-09-03,1.255
2020-09-04,1.221
2020-09-07,
2020-09-08,1.155
2020-09-09,1.169
2020-09-10,1.139
2020-09-11,1.155
2020-09-14,1.163
2020-09-15,1.192
2020-09-16,1.251
2020-09-17,1.281
2020-09-18,1.288
2020-09-21,1.242
2020-09-22,1.226
2020-09-23,1.232
2020-09-24,1.233
2020-09-25,1.256
2020-09-28,1.291
2020-09-29,1.236
2020-09-30,1.248
2020-10-01,1.217
2020-10-02,1.187
2020-10-05,1.263
2020-10-06,1.285
2020-10-07,1.253
2020-10-08,1.283
2020-10-09,1.252
2020-10-12,1.227
2020-10-13,1.229
2020-10-14,1.248
2020-10-15,1.232
2020-10-16,1.215
2020-10-19,1.201
2020-10-20,1.225
2020-10-21,1.179
2020-10-22,1.188
2020-10-23,1.168
2020-10-26,1.141
2020-10-27,1.168
2020-10-28,1.111
2020-10-29,1.080
2020-10-30,1.078
2020-11-02,1.085
2020-11-03,1.125
2020-11-04,1.135
2020-11-05,1.145
2020-11-06,1.121
2020-11-09,1.186
2020-11-10,1.225
2020-11-11,1.212
2020-11-12,1.183
2020-11-13,1.158
2020-11-16,1.184
2020-11-17,1.190
2020-11-18,1.180
2020-11-19,1.191
2020-11-20,1.202
2020-11-23,1.225
2020-11-24,1.281
2020-11-25,1.311
2020-11-26,
2020-11-27,
2020-11-30,1.271
2020-12-01,1.254
2020-12-02,1.276
2020-12-03,1.288
2020-12-04,1.287
2020-12-07,1.282
2020-12-08,1.294
2020-12-09,1.312
2020-12-10,1.344
2020-12-11,1.338
2020-12-14,1.351
2020-12-15,1.355
2020-12-16,1.385
2020-12-17,1.421
2020-12-18,1.430
2020-12-21,1.387
2020-12-22,1.372
2020-12-23,1.415
2020-12-24,1.413
2020-12-25,
2020-12-28,1.396
2020-12-29,1.417
2020-12-30,1.438
2020-12-31,1.438
2021-01-01,
2021-01-04,1.402
2021-01-05,1.485
2021-01-06,1.503
2021-01-07,1.512
2021-01-08,1.576
2021-01-11,1.549
2021-01-12,1.583
2021-01-13,1.575
2021-01-14,1.596
2021-01-15,1.561
2021-01-18,
2021-01-19,1.580
2021-01-20,1.578
2021-01-21,1.588
2021-01-22,1.578
2021-01-25,1.598
2021-01-26,1.611
2021-01-27,1.607
2021-01-28,1.618
2021-01-29,1.594
2021-02-01,1.628
2021-02-02,1.657
2021-02-03,1.685
2021-02-04,1.682
2021-02-05,1.672
2021-02-08,1.699
2021-02-09,1.688
2021-02-10,1.661
2021-02-11,1.667
2021-02-12,1.712
2021-02-15,
2021-02-16,1.795
2021-02-17,1.831
2021-02-18,1.796
2021-02-19,1.807
2021-02-22,1.862
2021-02-23,1.895
2021-02-24,1.919
2021-02-25,1.912
2021-02-26,1.897
2021-03-01,1.869
2021-03-02,1.880
2021-03-03,1.920
2021-03-04,1.979
2021-03-05,2.050
2021-03-08,2.023
2021-03-09,2.002
2021-03-10,2.049
2021-03-11,2.119
2021-03-12,2.211
2021-03-15,2.166
2021-03-16,2.127
2021-03-17,2.077
2021-03-18,1.941
2021-03-19,1.890
2021-03-22,1.908
2021-03-23,1.850
2021-03-24,1.961
2021-03-25,1.898
2021-03-26,1.925
2021-03-29,1.961
2021-03-30,1.940
2021-03-31,1.938
2021-04-01,1.997
2021-04-02,
2021-04-05,1.940
2021-04-06,1.953
2021-04-07,1.930
2021-04-08,1.947
2021-04-09,1.956
2021-04-12,1.960
2021-04-13,1.970
2021-04-14,2.018
2021-04-15,2.040
2021-04-16,2.029
2021-04-19,2.029
2021-04-20,2.000
2021-04-21,1.946
2021-04-22,1.953
2021-04-23,1.967
2021-04-26,1.946
2021-04-27,1.995
2021-04-28,2.036
2021-04-29,2.081
2021-04-30,2.055
2021-05-03,2.093
2021-05-04,2.147
2021-05-05,2.132
2021-05-06,2.107
2021-05-07,2.121
2021-05-10,2.118
2021-05-11,2.137
2021-05-12,2.172
2021-05-13,2.098
2021-05-14,2.151
2021-05-17,2.175
2021-05-18,2.175
2021-05-19,2.097
2021-05-20,2.021
2021-05-21,2.056
2021-05-24,2.093
2021-05-25,2.084
2021-05-26,2.119
2021-05-27,2.122
2021-05-28,2.110
2021-05-31,
2021-06-01,2.145
2021-06-02,2.153
2021-06-03,2.161
2021-06-04,2.164
2021-06-07,2.155
2021-06-08,2.186
2021-06-09,2.157
2021-06-10,2.169
2021-06-11,2.143
2021-06-14,2.138
2021-06-15,2.135
2021-06-16,2.105
2021-06-17,2.096
2021-06-18,2.129
2021-06-21,2.157
2021-06-22,2.190
2021-06-23,2.241
2021-06-24,2.233
2021-06-25,2.217
2021-06-28,2.175
2021-06-29,2.211
2021-06-30,2.209
