observation_date,DHHNGSP
2019-01-02,3.25
2019-01-03,2.72
2019-01-04,2.80
2019-01-07,2.74
2019-01-08,2.89
2019-01-09,2.92
2019-01-10,2.95
2019-01-11,2.95
2019-01-14,3.36
2019-01-15,3.54
2019-01-16,3.58
2019-01-17,3.58
2019-01-18,3.43
2019-01-21,
2019-01-22,3.43
2019-01-23,3.13
2019-01-24,3.13
2019-01-25,3.07
2019-01-28,3.05
2019-01-29,2.94
2019-01-30,3.00
2019-01-31,2.82
2019-02-01,2.70
2019-02-04,2.57
2019-02-05,2.54
2019-02-06,2.58
2019-02-07,2.62
2019-02-08,2.66
2019-02-11,2.76
2019-02-12,2.71
2019-02-13,2.61
2019-02-14,2.61
2019-02-15,2.59
2019-02-18,
2019-02-19,2.69
2019-02-20,2.69
2019-02-21,2.73
2019-02-22,2.74
2019-02-25,2.84
2019-02-26,2.74
2019-02-27,2.89
2019-02-28,2.89
2019-03-01,3.19
2019-03-04,4.25
2019-03-05,3.18
2019-03-06,3.18
2019-03-07,2.90
2019-03-08,2.90
2019-03-11,2.86
2019-03-12,2.83
2019-03-13,2.87
2019-03-14,2.95
2019-03-15,2.95
2019-03-18,2.90
2019-03-19,2.92
2019-03-20,2.86
2019-03-21,2.86
2019-03-22,2.75
2019-03-25,2.72
2019-03-26,2.74
2019-03-27,2.69
2019-03-28,2.69
2019-03-29,2.73
2019-04-01,2.73
2019-04-02,2.76
2019-04-03,2.74
2019-04-04,2.66
2019-04-05,2.62
2019-04-08,2.72
2019-04-09,2.71
2019-04-10,2.72
2019-04-11,2.72
2019-04-12,2.75
2019-04-15,2.75
2019-04-16,2.66
2019-04-17,2.55
2019-04-18,2.54
2019-04-19,
2019-04-22,2.61
2019-04-23,2.53
2019-04-24,2.53
2019-04-25,2.54
2019-04-26,2.58
2019-04-29,2.58
2019-04-30,2.59
2019-05-01,2.59
2019-05-02,2.63
2019-05-03,2.59
2019-05-06,2.54
2019-05-07,2.54
2019-05-08,2.64
2019-05-09,2.62
2019-05-10,2.64
2019-05-13,2.71
2019-05-14,2.70
2019-05-15,2.69
2019-05-16,2.62
2019-05-17,2.61
2019-05-20,2.70
2019-05-21,2.73
2019-05-22,2.73
2019-05-23,2.56
2019-05-24,2.60
2019-05-27,
2019-05-28,2.65
2019-05-29,2.69
2019-05-30,2.69
2019-05-31,2.59
2019-06-03,2.50
2019-06-04,2.45
2019-06-05,2.45
2019-06-06,2.40
2019-06-07,2.43
2019-06-10,2.42
2019-06-11,2.41
2019-06-12,2.43
2019-06-13,2.43
2019-06-14,2.37
2019-06-17,2.46
2019-06-18,2.44
2019-06-19,2.43
2019-06-20,2.38
2019-06-21,2.27
2019-06-24,2.31
2019-06-25,2.31
2019-06-26,2.34
2019-06-27,2.32
2019-06-28,2.42
2019-07-01,2.33
2019-07-02,2.30
2019-07-03,2.29
2019-07-04,
2019-07-05,
2019-07-08,2.39
2019-07-09,2.41
2019-07-10,2.49
2019-07-11,2.54
2019-07-12,2.54
2019-07-15,2.53
2019-07-16,2.53
2019-07-17,2.44
2019-07-18,2.38
2019-07-19,2.30
2019-07-22,2.33
2019-07-23,2.34
2019-07-24,2.33
2019-07-25,2.26
2019-07-26,2.23
2019-07-29,2.23
2019-07-30,2.22
2019-07-31,2.28
2019-08-01,2.36
2019-08-02,2.12
2019-08-05,2.02
2019-08-06,2.15
2019-08-07,2.18
2019-08-08,2.13
2019-08-09,2.09
2019-08-12,2.21
2019-08-13,2.24
2019-08-14,2.22
2019-08-15,2.19
2019-08-16,2.20
2019-08-19,2.26
2019-08-20,2.35
2019-08-21,2.31
2019-08-22,2.28
2019-08-23,2.15
2019-08-26,2.23
2019-08-27,2.24
2019-08-28,2.24
2019-08-29,2.36
2019-08-30,2.33
2019-09-02,
2019-09-03,2.39
2019-09-04,2.48
2019-09-05,2.49
2019-09-06,2.49
2019-09-09,2.65
2019-09-10,2.67
2019-09-11,2.63
2019-09-12,2.62
2019-09-13,2.61
2019-09-16,2.75
2019-09-17,2.70
2019-09-18,2.72
2019-09-19,2.65
2019-09-20,2.34
2019-09-23,2.55
2019-09-24,2.55
2019-09-25,2.54
2019-09-26,2.57
2019-09-27,2.41
2019-09-30,2.37
2019-10-01,2.36
2019-10-02,2.36
2019-10-03,2.31
2019-10-04,2.25
2019-10-07,2.36
2019-10-08,2.29
2019-10-09,2.26
2019-10-10,2.26
2019-10-11,2.13
2019-10-14,2.13
2019-10-15,2.29
2019-10-16,2.44
2019-10-17,2.29
2019-10-18,2.08
2019-10-21,2.13
2019-10-22,2.21
2019-10-23,2.34
2019-10-24,2.33
2019-10-25,2.26
2019-10-28,2.49
2019-10-29,2.61
2019-10-30,2.71
2019-10-31,2.73
2019-11-01,2.54
2019-11-04,2.77
2019-11-05,2.77
2019-11-06,2.82
2019-11-07,2.84
2019-11-08,2.87
2019-11-11,
2019-11-12,2.72
2019-11-13,2.66
2019-11-14,2.68
2019-11-15,2.70
2019-11-18,2.64
2019-11-19,2.53
2019-11-20,2.56
2019-11-21,2.53
2019-11-22,2.62
2019-11-25,2.51
2019-11-26,2.51
2019-11-27,2.46
2019-11-28,
2019-11-29,2.46
2019-12-02,2.29
2019-12-03,2.42
2019-12-04,2.43
2019-12-05,2.42
2019-12-06,2.31
2019-12-09,2.17
2019-12-10,2.18
2019-12-11,2.28
2019-12-12,2.28
2019-12-13,2.28
2019-12-16,2.34
2019-12-17,2.30
2019-12-18,2.26
2019-12-19,2.21
2019-12-20,2.27
2019-12-23,2.17
2019-12-24,2.11
2019-12-25,
2019-12-26,2.09
2019-12-27,1.75
2019-12-30,2.06
2019-12-31,2.09
2020-01-01,
2020-01-02,2.05
2020-01-03,2.06
2020-01-06,2.10
2020-01-07,2.17
2020-01-08,2.09
2020-01-09,2.05
2020-01-10,2.05
2020-01-13,2.03
2020-01-14,2.15
2020-01-15,2.01
2020-01-16,2.06
2020-01-17,2.07
2020-01-20,
2020-01-21,1.98
2020-01-22,1.89
2020-01-23,1.95
2020-01-24,1.91
2020-01-27,2.03
2020-01-28,1.96
2020-01-29,1.93
2020-01-30,1.94
2020-01-31,1.91
2020-02-03,1.90
2020-02-04,1.89
2020-02-05,1.89
2020-02-06,1.86
2020-02-07,1.93
2020-02-10,1.85
2020-02-11,1.85
2020-02-12,1.91
2020-02-13,1.95
2020-02-14,1.93
2020-02-17,
2020-02-18,2.04
2020-02-19,2.01
2020-02-20,1.98
2020-02-21,1.96
2020-02-24,1.94
2020-02-25,1.93
2020-02-26,1.96
2020-02-27,1.78
2020-02-28,1.79
2020-03-02,1.75
2020-03-03,1.78
2020-03-04,1.83
2020-03-05,1.89
2020-03-06,1.76
2020-03-09,1.74
2020-03-10,1.91
2020-03-11,1.96
2020-03-12,1.82
2020-03-13,1.94
2020-03-16,1.89
2020-03-17,1.89
2020-03-18,1.73
2020-03-19,1.68
2020-03-20,1.76
2020-03-23,1.70
2020-03-24,1.73
2020-03-25,1.80
2020-03-26,1.73
2020-03-27,1.70
2020-03-30,1.65
2020-03-31,1.71
2020-04-01,1.69
2020-04-02,1.55
2020-04-03,1.50
2020-04-06,1.64
2020-04-07,1.83
2020-04-08,1.86
2020-04-09,1.74
2020-04-10,
2020-04-13,1.86
2020-04-14,1.76
2020-04-15,1.68
2020-04-16,1.59
2020-04-17,1.71
2020-04-20,1.78
2020-04-21,1.92
2020-04-22,1.90
2020-04-23,1.86
2020-04-24,1.81
2020-04-27,1.68
2020-04-28,1.80
2020-04-29,1.73
2020-04-30,1.63
2020-05-01,1.69
2020-05-04,1.78
2020-05-05,1.93
2020-05-06,1.90
2020-05-07,1.84
2020-05-08,1.74
2020-05-11,1.70
2020-05-12,1.61
2020-05-13,1.56
2020-05-14,1.60
2020-05-15,1.66
2020-05-18,1.77
2020-05-19,1.85
2020-05-20,1.83
2020-05-21,1.75
2020-05-22,1.70
2020-05-25,
2020-05-26,1.79
2020-05-27,1.78
2020-05-28,1.79
2020-05-29,1.70
2020-06-01,1.59
2020-06-02,1.58
2020-06-03,1.84
2020-06-04,1.68
2020-06-05,1.80
2020-06-08,1.68
2020-06-09,1.68
2020-06-10,1.72
2020-06-11,1.77
2020-06-12,1.67
2020-06-15,1.64
2020-06-16,1.43
2020-06-17,1.55
2020-06-18,1.51
2020-06-19,1.49
2020-06-22,1.64
2020-06-23,1.61
2020-06-24,1.64
2020-06-25,1.53
2020-06-26,1.42
2020-06-29,1.67
2020-06-30,1.76
2020-07-01,1.69
2020-07-02,1.58
2020-07-03,
2020-07-06,1.71
2020-07-07,1.76
2020-07-08,1.78
2020-07-09,1.88
2020-07-10,1.79
2020-07-13,1.75
2020-07-14,1.74
2020-07-15,1.76
2020-07-16,1.79
2020-07-17,1.79
2020-07-20,1.71
2020-07-21,1.66
2020-07-22,1.69
2020-07-23,1.75
2020-07-24,1.77
2020-07-27,1.85
2020-07-28,1.83
2020-07-29,1.77
2020-07-30,1.81
2020-07-31,1.83
2020-08-03,1.95
2020-08-04,2.07
2020-08-05,2.23
2020-08-06,2.26
2020-08-07,2.15
2020-08-10,2.18
2020-08-11,2.19
2020-08-12,2.05
2020-08-13,2.19
2020-08-14,2.23
2020-08-17,2.32
2020-08-18,2.45
2020-08-19,2.43
2020-08-20,2.35
2020-08-21,2.39
2020-08-24,2.57
2020-08-25,2.54
2020-08-26,2.52
2020-08-27,2.52
2020-08-28,2.46
2020-08-31,2.30
2020-09-01,2.22
2020-09-02,2.15
2020-09-03,2.32
2020-09-04,1.80
2020-09-07,
2020-09-08,2.35
2020-09-09,2.21
2020-09-10,2.13
2020-09-11,1.93
2020-09-14,2.18
2020-09-15,2.19
2020-09-16,2.06
2020-09-17,1.65
2020-09-18,1.56
2020-09-21,1.33
2020-09-22,1.49
2020-09-23,1.74
2020-09-24,1.93
2020-09-25,1.90
2020-09-28,1.83
2020-09-29,1.74
2020-09-30,1.66
2020-10-01,1.60
2020-10-02,1.41
2020-10-05,1.92
2020-10-06,1.86
2020-10-07,2.01
2020-10-08,1.49
2020-10-09,2.25
2020-10-12,2.31
2020-10-13,2.14
2020-10-14,2.02
2020-10-15,2.23
2020-10-16,2.16
2020-10-19,2.30
2020-10-20,2.57
2020-10-21,2.95
2020-10-22,2.99
2020-10-23,2.91
2020-10-26,3.14
2020-10-27,3.07
2020-10-28,3.14
2020-10-29,3.06
2020-10-30,3.03
2020-11-02,3.03
2020-11-03,2.88
2020-11-04,2.63
2020-11-05,2.69
2020-11-06,2.67
2020-11-09,2.63
2020-11-10,2.74
2020-11-11,2.75
2020-11-12,2.81
2020-11-13,2.82
2020-11-16,2.62
2020-11-17,2.55
2020-11-18,2.37
2020-11-19,2.19
2020-11-20,2.22
2020-11-23,2.23
2020-11-24,2.47
2020-11-25,2.47
2020-11-26,
2020-11-27,
2020-11-30,2.89
2020-12-01,2.89
2020-12-02,2.75
2020-12-03,2.46
2020-12-04,2.48
2020-12-07,2.39
2020-12-08,2.36
2020-12-09,2.45
2020-12-10,2.45
2020-12-11,2.54
2020-12-14,2.69
2020-12-15,2.63
2020-12-16,2.73
2020-12-17,2.70
2020-12-18,2.73
2020-12-21,2.68
2020-12-22,2.76
2020-12-23,2.76
2020-12-24,2.68
2020-12-25,
2020-12-28,2.39
2020-12-29,2.40
2020-12-30,2.36
2020-12-31,2.39
2021-01-01,
2021-01-04,2.60
2021-01-05,2.77
2021-01-06,2.76
2021-01-07,2.81
2021-01-08,2.77
2021-01-11,2.71
2021-01-12,2.89
2021-01-13,2.82
2021-01-14,2.82
2021-01-15,2.86
2021-01-18,
2021-01-19,2.65
2021-01-20,2.57
2021-01-21,2.49
2021-01-22,2.45
2021-01-25,2.63
2021-01-26,2.73
2021-01-27,2.77
2021-01-28,2.76
2021-01-29,2.68
2021-02-01,2.88
2021-02-02,3.24
2021-02-03,3.01
2021-02-04,2.99
2021-02-05,3.49
2021-02-08,3.40
2021-02-09,3.35
2021-02-10,3.76
2021-02-11,6.50
2021-02-12,6.12
2021-02-15,
2021-02-16,11.32
2021-02-17,23.86
2021-02-18,8.56
2021-02-19,4.96
2021-02-22,3.16
2021-02-23,2.94
2021-02-24,2.80
2021-02-25,2.72
2021-02-26,2.66
2021-03-01,2.70
2021-03-02,2.87
2021-03-03,2.86
2021-03-04,2.79
2021-03-05,2.72
2021-03-08,2.67
2021-03-09,2.62
2021-03-10,2.62
2021-03-11,2.70
2021-03-12,2.65
2021-03-15,2.58
2021-03-16,2.50
2021-03-17,2.60
2021-03-18,2.45
2021-03-19,2.53
2021-03-22,2.55
2021-03-23,2.56
2021-03-24,2.56
2021-03-25,2.52
2021-03-26,2.52
2021-03-29,2.58
2021-03-30,2.55
2021-03-31,2.52
2021-04-01,2.52
2021-04-02,
2021-04-05,2.43
2021-04-06,2.44
2021-04-07,2.43
2021-04-08,2.47
2021-04-09,2.48
2021-04-12,2.50
2021-04-13,2.57
2021-04-14,2.65
2021-04-15,2.62
2021-04-16,2.63
2021-04-19,2.75
2021-04-20,2.76
2021-04-21,2.72
2021-04-22,2.77
2021-04-23,2.79
2021-04-26,2.73
2021-04-27,2.91
2021-04-28,2.98
2021-04-29,2.91
2021-04-30,2.86
2021-05-03,2.96
2021-05-04,3.00
2021-05-05,2.99
2021-05-06,2.90
2021-05-07,2.90
2021-05-10,2.93
2021-05-11,2.91
2021-05-12,2.91
2021-05-13,2.95
2021-05-14,2.95
2021-05-17,2.99
2021-05-18,2.96
2021-05-19,2.88
2021-05-20,2.86
2021-05-21,2.84
2021-05-24,2.78
2021-05-25,2.87
2021-05-26,2.91
2021-05-27,2.85
2021-05-28,2.91
2021-05-31,
2021-06-01,3.02
2021-06-02,3.09
2021-06-03,3.01
2021-06-04,3.01
2021-06-07,2.98
2021-06-08,3.11
2021-06-09,3.13
2021-06-10,3.13
2021-06-11,3.23
2021-06-14,3.36
2021-06-15,3.31
2021-06-16,3.25
2021-06-17,3.24
2021-06-18,3.23
2021-06-21,3.15
2021-06-22,3.21
2021-06-23,3.36
2021-06-24,3.30
2021-06-25,3.40
2021-06-28,3.62
2021-06-29,3.75
2021-06-30,3.79
