observation_date,DHOILNYH
2019-01-02,1.687
2019-01-03,1.716
2019-01-04,1.753
2019-01-07,1.754
2019-01-08,1.790
2019-01-09,1.846
2019-01-10,1.867
2019-01-11,1.850
2019-01-14,1.819
2019-01-15,1.845
2019-01-16,1.864
2019-01-17,1.851
2019-01-18,1.883
2019-01-21,
2019-01-22,1.876
2019-01-23,1.855
2019-01-24,1.854
2019-01-25,1.855
2019-01-28,1.810
2019-01-29,1.862
2019-01-30,1.863
2019-01-31,1.839
2019-02-01,1.881
2019-02-04,1.873
2019-02-05,1.863
2019-02-06,1.877
2019-02-07,1.868
2019-02-08,1.876
2019-02-11,1.858
2019-02-12,1.875
2019-02-13,1.907
2019-02-14,1.942
2019-02-15,1.987
2019-02-18,
2019-02-19,1.963
2019-02-20,1.982
2019-02-21,1.996
2019-02-22,1.993
2019-02-25,1.940
2019-02-26,1.969
2019-02-27,1.987
2019-02-28,1.992
2019-03-01,1.962
2019-03-04,1.975
2019-03-05,1.979
2019-03-06,1.988
2019-03-07,1.983
2019-03-08,1.974
2019-03-11,1.977
2019-03-12,1.964
2019-03-13,1.977
2019-03-14,1.959
2019-03-15,1.946
2019-03-18,1.946
2019-03-19,1.960
2019-03-20,1.981
2019-03-21,1.964
2019-03-22,1.939
2019-03-25,1.961
2019-03-26,1.970
2019-03-27,1.957
2019-03-28,1.951
2019-03-29,1.950
2019-04-01,1.970
2019-04-02,1.988
2019-04-03,1.986
2019-04-04,1.987
2019-04-05,2.019
2019-04-08,2.029
2019-04-09,2.024
2019-04-10,2.053
2019-04-11,2.046
2019-04-12,2.043
2019-04-15,2.042
2019-04-16,2.057
2019-04-17,2.046
2019-04-18,2.048
2019-04-19,
2019-04-22,2.081
2019-04-23,2.092
2019-04-24,2.071
2019-04-25,2.072
2019-04-26,2.016
2019-04-29,2.032
2019-04-30,2.051
2019-05-01,2.063
2019-05-02,2.036
2019-05-03,2.047
2019-05-06,2.055
2019-05-07,2.010
2019-05-08,2.036
2019-05-09,2.019
2019-05-10,2.031
2019-05-13,2.003
2019-05-14,2.032
2019-05-15,2.065
2019-05-16,2.104
2019-05-17,2.068
2019-05-20,2.054
2019-05-21,2.055
2019-05-22,2.014
2019-05-23,1.939
2019-05-24,1.957
2019-05-27,
2019-05-28,1.964
2019-05-29,1.944
2019-05-30,1.885
2019-05-31,1.809
2019-06-03,1.776
2019-06-04,1.792
2019-06-05,1.743
2019-06-06,1.778
2019-06-07,1.796
2019-06-10,1.781
2019-06-11,1.793
2019-06-12,1.746
2019-06-13,1.768
2019-06-14,1.796
2019-06-17,1.767
2019-06-18,1.799
2019-06-19,1.800
2019-06-20,1.859
2019-06-21,1.886
2019-06-24,1.873
2019-06-25,1.896
2019-06-26,1.935
2019-06-27,1.914
2019-06-28,1.896
2019-07-01,1.915
2019-07-02,1.862
2019-07-03,1.862
2019-07-04,
2019-07-05,
2019-07-08,1.860
2019-07-09,1.885
2019-07-10,1.949
2019-07-11,1.950
2019-07-12,1.949
2019-07-15,1.910
2019-07-16,1.879
2019-07-17,1.856
2019-07-18,1.847
2019-07-19,1.867
2019-07-22,1.874
2019-07-23,1.893
2019-07-24,1.876
2019-07-25,1.876
2019-07-26,1.874
2019-07-29,1.882
2019-07-30,1.918
2019-07-31,1.921
2019-08-01,1.830
2019-08-02,1.837
2019-08-05,1.794
2019-08-06,1.792
2019-08-07,1.748
2019-08-08,1.749
2019-08-09,1.770
2019-08-12,1.776
2019-08-13,1.831
2019-08-14,1.798
2019-08-15,1.768
2019-08-16,1.771
2019-08-19,1.795
2019-08-20,1.814
2019-08-21,1.820
2019-08-22,1.802
2019-08-23,1.774
2019-08-26,1.774
2019-08-27,1.791
2019-08-28,1.821
2019-08-29,1.831
2019-08-30,1.801
2019-09-02,
2019-09-03,1.774
2019-09-04,1.869
2019-09-05,1.868
2019-09-06,1.880
2019-09-09,1.914
2019-09-10,1.918
2019-09-11,1.898
2019-09-12,1.871
2019-09-13,1.863
2019-09-16,2.069
2019-09-17,1.988
2019-09-18,1.976
2019-09-19,2.012
2019-09-20,1.985
2019-09-23,1.978
2019-09-24,1.944
2019-09-25,1.939
2019-09-26,1.936
2019-09-27,1.928
2019-09-30,1.883
2019-10-01,1.885
2019-10-02,1.850
2019-10-03,1.867
2019-10-04,1.880
2019-10-07,1.894
2019-10-08,1.886
2019-10-09,1.904
2019-10-10,1.913
2019-10-11,1.936
2019-10-14,1.890
2019-10-15,1.889
2019-10-16,1.943
2019-10-17,1.956
2019-10-18,1.949
2019-10-21,1.946
2019-10-22,1.949
2019-10-23,1.968
2019-10-24,1.988
2019-10-25,1.975
2019-10-28,1.959
2019-10-29,1.952
2019-10-30,1.909
2019-10-31,1.882
2019-11-01,1.925
2019-11-04,1.937
2019-11-05,1.951
2019-11-06,1.921
2019-11-07,1.908
2019-11-08,1.912
2019-11-11,
2019-11-12,1.886
2019-11-13,1.909
2019-11-14,1.906
2019-11-15,1.935
2019-11-18,1.885
2019-11-19,1.842
2019-11-20,1.882
2019-11-21,1.926
2019-11-22,1.925
2019-11-25,1.932
2019-11-26,1.951
2019-11-27,1.927
2019-11-28,
2019-11-29,
2019-12-02,1.866
2019-12-03,1.866
2019-12-04,1.906
2019-12-05,1.910
2019-12-06,1.932
2019-12-09,1.920
2019-12-10,1.942
2019-12-11,1.910
2019-12-12,1.934
2019-12-13,1.957
2019-12-16,1.982
2019-12-17,2.011
2019-12-18,2.001
2019-12-19,2.006
2019-12-20,1.996
2019-12-23,2.004
2019-12-24,2.017
2019-12-25,
2019-12-26,2.030
2019-12-27,2.028
2019-12-30,2.017
2019-12-31,2.004
2020-01-01,
2020-01-02,2.002
2020-01-03,2.039
2020-01-06,2.004
2020-01-07,2.009
2020-01-08,1.952
2020-01-09,1.934
2020-01-10,1.916
2020-01-13,1.881
2020-01-14,1.887
2020-01-15,1.857
2020-01-16,1.839
2020-01-17,1.833
2020-01-20,
2020-01-21,1.796
2020-01-22,1.767
2020-01-23,1.759
2020-01-24,1.709
2020-01-27,1.641
2020-01-28,1.688
2020-01-29,1.667
2020-01-30,1.634
2020-01-31,1.595
2020-02-03,1.540
2020-02-04,1.559
2020-02-05,1.622
2020-02-06,1.635
2020-02-07,1.612
2020-02-10,1.581
2020-02-11,1.598
2020-02-12,1.647
2020-02-13,1.651
2020-02-14,1.669
2020-02-17,
2020-02-18,1.644
2020-02-19,1.667
2020-02-20,1.657
2020-02-21,1.650
2020-02-24,1.575
2020-02-25,1.529
2020-02-26,1.466
2020-02-27,1.440
2020-02-28,1.450
2020-03-02,1.521
2020-03-03,1.515
2020-03-04,1.523
2020-03-05,1.472
2020-03-06,1.372
2020-03-09,1.149
2020-03-10,1.234
2020-03-11,1.209
2020-03-12,1.120
2020-03-13,1.147
2020-03-16,1.014
2020-03-17,1.015
2020-03-18,0.964
2020-03-19,1.017
2020-03-20,0.991
2020-03-23,1.013
2020-03-24,1.057
2020-03-25,1.063
2020-03-26,1.039
2020-03-27,1.038
2020-03-30,0.996
2020-03-31,0.972
2020-04-01,0.920
2020-04-02,0.978
2020-04-03,1.081
2020-04-06,1.032
2020-04-07,0.997
2020-04-08,0.999
2020-04-09,0.968
2020-04-10,
2020-04-13,0.984
2020-04-14,0.939
2020-04-15,0.903
2020-04-16,0.930
2020-04-17,0.944
2020-04-20,0.878
2020-04-21,0.730
2020-04-22,0.733
2020-04-23,0.712
2020-04-24,0.655
2020-04-27,0.562
2020-04-28,0.583
2020-04-29,0.652
2020-04-30,0.720
2020-05-01,0.755
2020-05-04,0.778
2020-05-05,0.849
2020-05-06,0.739
2020-05-07,0.753
2020-05-08,0.811
2020-05-11,0.790
2020-05-12,0.739
2020-05-13,0.747
2020-05-14,0.828
2020-05-15,0.850
2020-05-18,0.947
2020-05-19,0.898
2020-05-20,0.919
2020-05-21,0.918
2020-05-22,0.908
2020-05-25,
2020-05-26,0.928
2020-05-27,0.901
2020-05-28,0.860
2020-05-29,0.932
2020-06-01,0.971
2020-06-02,1.028
2020-06-03,0.958
2020-06-04,0.976
2020-06-05,1.042
2020-06-08,1.018
2020-06-09,1.050
2020-06-10,1.061
2020-06-11,0.989
2020-06-12,1.044
2020-06-15,1.071
2020-06-16,1.124
2020-06-17,1.129
2020-06-18,1.149
2020-06-19,1.153
2020-06-22,1.170
2020-06-23,1.155
2020-06-24,1.099
2020-06-25,1.109
2020-06-26,1.073
2020-06-29,1.117
2020-06-30,1.125
2020-07-01,1.147
2020-07-02,1.175
2020-07-03,
2020-07-06,1.189
2020-07-07,1.181
2020-07-08,1.197
2020-07-09,1.184
2020-07-10,1.201
2020-07-13,1.163
2020-07-14,1.163
2020-07-15,1.191
2020-07-16,1.175
2020-07-17,1.168
2020-07-20,1.184
2020-07-21,1.226
2020-07-22,1.222
2020-07-23,1.205
2020-07-24,1.207
2020-07-27,1.209
2020-07-28,1.194
2020-07-29,1.209
2020-07-30,1.167
2020-07-31,1.165
2020-08-03,1.188
2020-08-04,1.204
2020-08-05,1.207
2020-08-06,1.197
2020-08-07,1.167
2020-08-10,1.180
2020-08-11,1.180
2020-08-12,1.189
2020-08-13,1.180
2020-08-14,1.179
2020-08-17,1.178
2020-08-18,1.190
2020-08-19,1.184
2020-08-20,1.184
2020-08-21,1.143
2020-08-24,1.186
2020-08-25,1.201
2020-08-26,1.183
2020-08-27,1.153
2020-08-28,1.164
2020-08-31,1.141
2020-09-01,1.166
2020-09-02,1.124
2020-09-03,1.099
2020-09-04,1.088
2020-09-07,
2020-09-08,1.025
2020-09-09,1.038
2020-09-10,1.012
2020-09-11,1.037
2020-09-14,1.038
2020-09-15,1.046
2020-09-16,1.064
2020-09-17,1.108
2020-09-18,1.103
2020-09-21,1.066
2020-09-22,1.046
2020-09-23,1.040
2020-09-24,1.054
2020-09-25,1.065
2020-09-28,1.081
2020-09-29,1.057
2020-09-30,1.100
2020-10-01,1.076
2020-10-02,1.043
2020-10-05,1.098
2020-10-06,1.137
2020-10-07,1.119
2020-10-08,1.148
2020-10-09,1.145
2020-10-12,1.115
2020-10-13,1.119
2020-10-14,1.150
2020-10-15,1.146
2020-10-16,1.133
2020-10-19,1.095
2020-10-20,1.112
2020-10-21,1.083
2020-10-22,1.099
2020-10-23,1.089
2020-10-26,1.069
2020-10-27,1.102
2020-10-28,1.059
2020-10-29,1.025
2020-10-30,1.021
2020-11-02,1.048
2020-11-03,1.067
2020-11-04,1.095
2020-11-05,1.092
2020-11-06,1.063
2020-11-09,1.128
2020-11-10,1.162
2020-11-11,1.155
2020-11-12,1.136
2020-11-13,1.108
2020-11-16,1.133
2020-11-17,1.144
2020-11-18,1.184
2020-11-19,1.198
2020-11-20,1.205
2020-11-23,1.226
2020-11-24,1.284
2020-11-25,1.313
2020-11-26,
2020-11-27,
2020-11-30,1.291
2020-12-01,1.286
2020-12-02,1.306
2020-12-03,1.310
2020-12-04,1.319
2020-12-07,1.321
2020-12-08,1.330
2020-12-09,1.319
2020-12-10,1.356
2020-12-11,1.354
2020-12-14,1.373
2020-12-15,1.374
2020-12-16,1.393
2020-12-17,1.413
2020-12-18,1.428
2020-12-21,1.388
2020-12-22,1.378
2020-12-23,1.412
2020-12-24,1.412
2020-12-25,
2020-12-28,1.392
2020-12-29,1.396
2020-12-30,1.400
2020-12-31,1.398
2021-01-01,
2021-01-04,1.364
2021-01-05,1.433
2021-01-06,1.436
2021-01-07,1.440
2021-01-08,1.484
2021-01-11,1.472
2021-01-12,1.498
2021-01-13,1.497
2021-01-14,1.531
2021-01-15,1.493
2021-01-18,
2021-01-19,1.498
2021-01-20,1.495
2021-01-21,1.498
2021-01-22,1.476
2021-01-25,1.493
2021-01-26,1.487
2021-01-27,1.490
2021-01-28,1.484
2021-01-29,1.487
2021-02-01,1.535
2021-02-02,1.554
2021-02-03,1.572
2021-02-04,1.586
2021-02-05,1.590
2021-02-08,1.627
2021-02-09,1.631
2021-02-10,1.642
2021-02-11,1.631
2021-02-12,1.661
2021-02-15,
2021-02-16,1.702
2021-02-17,1.729
2021-02-18,1.708
2021-02-19,1.701
2021-02-22,1.749
2021-02-23,1.789
2021-02-24,1.826
2021-02-25,1.770
2021-02-26,1.719
2021-03-01,1.698
2021-03-02,1.683
2021-03-03,1.710
2021-03-04,1.774
2021-03-05,1.806
2021-03-08,1.762
2021-03-09,1.750
2021-03-10,1.770
2021-03-11,1.815
2021-03-12,1.808
2021-03-15,1.788
2021-03-16,1.761
2021-03-17,1.731
2021-03-18,1.596
2021-03-19,1.672
2021-03-22,1.680
2021-03-23,1.587
2021-03-24,1.665
2021-03-25,1.593
2021-03-26,1.645
2021-03-29,1.650
2021-03-30,1.637
2021-03-31,1.621
2021-04-01,1.674
2021-04-02,
2021-04-05,1.624
2021-04-06,1.649
2021-04-07,1.657
2021-04-08,1.660
2021-04-09,1.655
2021-04-12,1.659
2021-04-13,1.665
2021-04-14,1.728
2021-04-15,1.745
2021-04-16,1.739
2021-04-19,1.743
2021-04-20,1.722
2021-04-21,1.690
2021-04-22,1.704
2021-04-23,1.714
2021-04-26,1.718
2021-04-27,1.748
2021-04-28,1.769
2021-04-29,1.788
2021-04-30,1.741
2021-05-03,1.772
2021-05-04,1.825
2021-05-05,1.818
2021-05-06,1.819
2021-05-07,1.828
2021-05-10,1.837
2021-05-11,1.860
2021-05-12,1.885
2021-05-13,1.811
2021-05-14,1.853
2021-05-17,1.877
2021-05-18,1.864
2021-05-19,1.816
2021-05-20,1.767
2021-05-21,1.804
2021-05-24,1.844
2021-05-25,1.828
2021-05-26,1.857
2021-05-27,1.868
2021-05-28,1.849
2021-05-31,
2021-06-01,1.887
2021-06-02,1.886
2021-06-03,1.883
2021-06-04,1.893
2021-06-07,1.894
2021-06-08,1.919
2021-06-09,1.904
2021-06-10,1.914
2021-06-11,1.890
2021-06-14,1.885
2021-06-15,1.895
2021-06-16,1.874
2021-06-17,1.851
2021-06-18,1.873
2021-06-21,1.909
2021-06-22,1.938
2021-06-23,1.989
2021-06-24,1.996
2021-06-25,1.955
2021-06-28,1.928
2021-06-29,1.942
2021-06-30,1.936
